Date,Max_Temp_C,Min_Temp_C,Relative_Humidity_Pct,Wind_Speed_kmh,Heat_Index_C,Weather_Condition
2026-03-15,35.9,22.0,70.2,15.4,53.9,Normal
2026-03-16,35.9,24.3,66.1,11.5,51.3,Normal
2026-03-17,37.0,27.3,62.0,18.4,52.7,Normal
2026-03-18,38.2,25.3,62.1,12.7,57.2,Moderate Heat
2026-03-19,37.3,24.1,56.7,9.3,50.4,Normal
2026-03-20,37.7,25.6,57.1,17.4,52.0,Normal
2026-03-21,39.5,26.3,58.8,11.3,59.7,Moderate Heat
2026-03-22,39.1,27.4,53.5,21.2,54.3,Moderate Heat
2026-03-23,38.4,26.5,64.0,21.4,59.4,Moderate Heat
2026-03-24,39.3,27.9,61.9,20.9,61.4,Moderate Heat
2026-03-25,38.6,29.5,63.6,13.8,59.9,Moderate Heat
2026-03-26,38.6,29.0,54.5,9.2,53.3,Moderate Heat
2026-03-27,39.1,29.9,57.1,21.1,56.9,Moderate Heat
2026-03-28,37.3,24.8,59.3,14.6,52.0,Normal
2026-03-29,37.2,26.5,65.2,21.6,55.6,Normal
2026-03-30,37.9,26.1,66.6,21.5,59.4,Normal
2026-03-31,37.2,23.2,65.0,20.1,55.5,Normal
2026-04-01,37.9,27.5,59.8,12.8,54.5,Normal
2026-04-02,36.5,25.2,61.8,14.0,50.8,Normal
2026-04-03,35.8,22.6,67.6,20.1,51.9,Normal
2026-04-04,37.8,27.5,55.1,13.1,51.0,Normal
2026-04-05,36.4,27.0,65.6,11.2,52.8,Normal
2026-04-06,36.7,26.1,59.1,16.2,49.9,Normal
2026-04-07,35.9,26.0,67.2,21.2,52.0,Normal
2026-04-08,37.1,23.0,61.1,18.0,52.5,Normal
2026-04-09,38.3,24.9,57.2,16.4,54.1,Moderate Heat
2026-04-10,37.9,25.4,56.2,10.3,52.1,Normal
2026-04-11,39.4,25.6,54.6,17.0,56.1,Moderate Heat
2026-04-12,38.6,25.2,60.2,21.9,57.3,Moderate Heat
2026-04-13,38.3,28.3,62.9,10.8,58.2,Moderate Heat
2026-04-14,37.2,23.3,63.6,15.7,54.5,Normal
2026-04-15,38.0,26.0,65.0,20.4,58.6,Moderate Heat
2026-04-16,35.4,22.0,76.2,18.6,55.8,Normal
2026-04-17,33.5,19.6,69.5,18.1,44.9,Normal
2026-04-18,34.3,23.6,67.9,18.1,46.7,Normal
2026-04-19,32.2,22.6,68.2,13.7,40.3,Normal
2026-04-20,33.2,22.9,76.3,12.8,47.1,Normal
2026-04-21,31.6,20.3,80.7,19.5,43.2,Normal
2026-04-22,32.3,18.8,70.3,19.5,41.4,Normal
2026-04-23,33.9,20.2,72.2,20.3,47.5,Normal
2026-04-24,34.8,25.8,72.4,20.9,51.0,Normal
2026-04-25,34.8,23.0,68.4,15.6,48.7,Normal
2026-04-26,35.1,23.8,70.1,15.5,50.8,Normal
2026-04-27,35.5,25.3,66.4,19.4,50.1,Normal
2026-04-28,35.1,25.4,61.9,17.4,46.3,Normal
2026-04-29,36.3,25.4,67.9,18.1,53.9,Normal
2026-04-30,37.3,23.1,66.6,19.3,57.0,Normal
2026-05-01,39.5,28.7,58.7,20.6,59.6,Moderate Heat
2026-05-02,40.1,28.2,50.4,13.4,55.4,Heatwave
2026-05-03,39.8,26.9,52.0,13.9,55.6,Moderate Heat
2026-05-04,42.9,31.9,42.7,10.2,58.5,Heatwave
2026-05-05,43.4,29.1,49.1,16.5,66.0,Heatwave
2026-05-06,43.6,29.3,50.6,9.5,68.3,Heatwave
2026-05-07,44.4,34.0,45.2,15.1,65.9,Heatwave
2026-05-08,43.8,32.1,48.8,16.1,67.2,Heatwave
2026-05-09,42.6,31.9,44.5,12.7,59.0,Heatwave
2026-05-10,39.9,29.3,55.3,16.7,58.4,Moderate Heat
2026-05-11,39.3,30.1,50.8,9.4,53.1,Moderate Heat
2026-05-12,39.0,26.6,53.9,9.5,54.2,Moderate Heat
2026-05-13,38.9,27.1,60.8,19.7,58.9,Moderate Heat
2026-05-14,37.1,27.8,60.8,13.7,52.3,Normal
2026-05-15,36.9,26.4,67.1,10.7,55.7,Normal
2026-05-16,35.6,21.6,67.7,15.8,51.2,Normal
2026-05-17,35.1,24.8,77.7,19.0,55.5,Normal
2026-05-18,36.2,26.4,64.4,11.8,51.4,Normal
